image,label
ISIC_0014027_downsampled.jpg,MEL
ISIC_0013987_downsampled.jpg,MEL
ISIC_0062649.jpg,MEL
ISIC_0033981.jpg,MEL
ISIC_0029652.jpg,MEL
ISIC_0028984.jpg,MEL
ISIC_0072564.jpg,MEL
ISIC_0030759.jpg,MEL
ISIC_0030564.jpg,MEL
ISIC_0029502.jpg,MEL
ISIC_0055802.jpg,MEL
ISIC_0065918.jpg,MEL
ISIC_0030901.jpg,MEL
ISIC_0010189.jpg,MEL
ISIC_0071996.jpg,MEL
ISIC_0030031.jpg,MEL
ISIC_0033520.jpg,MEL
ISIC_0059992.jpg,MEL
ISIC_0064800.jpg,MEL
ISIC_0033141.jpg,MEL
ISIC_0011158.jpg,MEL
ISIC_0033644.jpg,MEL
ISIC_0053791.jpg,MEL
ISIC_0059209.jpg,MEL
ISIC_0014982_downsampled.jpg,MEL
ISIC_0033545.jpg,MEL
ISIC_0066105.jpg,MEL
ISIC_0024865.jpg,MEL
ISIC_0055976.jpg,MEL
ISIC_0064428.jpg,MEL
ISIC_0028410.jpg,MEL
ISIC_0028026.jpg,MEL
ISIC_0071612.jpg,MEL
ISIC_0033612.jpg,MEL
ISIC_0059076.jpg,MEL
ISIC_0024733.jpg,MEL
ISIC_0067667.jpg,MEL
ISIC_0029780.jpg,MEL
ISIC_0028219.jpg,MEL
ISIC_0071169.jpg,MEL
ISIC_0069511.jpg,MEL
ISIC_0063131.jpg,MEL
ISIC_0027573.jpg,MEL
ISIC_0030014.jpg,MEL
ISIC_0062077.jpg,MEL
ISIC_0034242.jpg,MEL
ISIC_0066358.jpg,MEL
ISIC_0032547.jpg,MEL
ISIC_0071258.jpg,MEL
ISIC_0062680.jpg,MEL
ISIC_0068897.jpg,MEL
ISIC_0054906.jpg,MEL
ISIC_0056496.jpg,MEL
ISIC_0062821.jpg,MEL
ISIC_0056210.jpg,MEL
ISIC_0061407.jpg,MEL
ISIC_0065181.jpg,MEL
ISIC_0060586.jpg,MEL
ISIC_0030277.jpg,MEL
ISIC_0072827.jpg,MEL
ISIC_0034048.jpg,MEL
ISIC_0000487.jpg,MEL
ISIC_0014872_downsampled.jpg,MEL
ISIC_0065142.jpg,MEL
ISIC_0029209.jpg,MEL
ISIC_0027238.jpg,MEL
ISIC_0000046_downsampled.jpg,MEL
ISIC_0067443.jpg,MEL
ISIC_0060155.jpg,MEL
ISIC_0062241.jpg,MEL
ISIC_0024999.jpg,MEL
ISIC_0010034.jpg,MEL
ISIC_0065943.jpg,MEL
ISIC_0032918.jpg,MEL
ISIC_0014331_downsampled.jpg,MEL
ISIC_0055051.jpg,MEL
ISIC_0055743.jpg,MEL
ISIC_0063070.jpg,MEL
ISIC_0067628.jpg,MEL
ISIC_0014897_downsampled.jpg,MEL
ISIC_0054744.jpg,MEL
ISIC_0033560.jpg,MEL
ISIC_0071800.jpg,MEL
ISIC_0066734.jpg,MEL
ISIC_0026823.jpg,MEL
ISIC_0066878.jpg,MEL
ISIC_0072223.jpg,MEL
ISIC_0028418.jpg,MEL
ISIC_0064910.jpg,MEL
ISIC_0013644_downsampled.jpg,MEL
ISIC_0032927.jpg,MEL
ISIC_0063157.jpg,MEL
ISIC_0055024.jpg,MEL
ISIC_0032408.jpg,MEL
ISIC_0057390.jpg,MEL
ISIC_0026167.jpg,MEL
ISIC_0028968.jpg,MEL
ISIC_0032965.jpg,MEL
ISIC_0060629.jpg,MEL
ISIC_0067097.jpg,MEL
ISIC_0014132_downsampled.jpg,MEL
ISIC_0060163.jpg,MEL
ISIC_0033496.jpg,MEL
ISIC_0057395.jpg,MEL
ISIC_0069365.jpg,MEL
ISIC_0027956.jpg,MEL
ISIC_0032190.jpg,MEL
ISIC_0034094.jpg,MEL
ISIC_0065469.jpg,MEL
ISIC_0068895.jpg,MEL
ISIC_0058249.jpg,MEL
ISIC_0025500.jpg,MEL
ISIC_0060693.jpg,MEL
ISIC_0010235.jpg,MEL
ISIC_0013678_downsampled.jpg,MEL
ISIC_0063143.jpg,MEL
ISIC_0061183.jpg,MEL
ISIC_0070990.jpg,MEL
ISIC_0065671.jpg,MEL
ISIC_0059525.jpg,MEL
ISIC_0030681.jpg,MEL
ISIC_0032960.jpg,MEL
ISIC_0065192.jpg,MEL
ISIC_0056409.jpg,MEL
ISIC_0070933.jpg,MEL
ISIC_0028156.jpg,MEL
ISIC_0062639.jpg,MEL
ISIC_0011140.jpg,MEL
ISIC_0054528.jpg,MEL
ISIC_0067487.jpg,MEL
ISIC_0072194.jpg,MEL
ISIC_0000002.jpg,MEL
ISIC_0072586.jpg,MEL
ISIC_0054302.jpg,MEL
ISIC_0054351.jpg,MEL
ISIC_0057173.jpg,MEL
ISIC_0054979.jpg,MEL
ISIC_0070815.jpg,MEL
ISIC_0015200_downsampled.jpg,MEL
ISIC_0062684.jpg,MEL
ISIC_0068907.jpg,MEL
ISIC_0014044_downsampled.jpg,MEL
ISIC_0064821.jpg,MEL
ISIC_0014062_downsampled.jpg,MEL
ISIC_0057286.jpg,MEL
ISIC_0059074.jpg,MEL
ISIC_0063198.jpg,MEL
ISIC_0070018.jpg,MEL
ISIC_0013986_downsampled.jpg,MEL
ISIC_0070283.jpg,MEL
ISIC_0010081.jpg,MEL
ISIC_0064072.jpg,MEL
ISIC_0033905.jpg,MEL
ISIC_0060834.jpg,MEL
ISIC_0015219_downsampled.jpg,MEL
ISIC_0034211.jpg,MEL
ISIC_0057594.jpg,MEL
ISIC_0056793.jpg,MEL
ISIC_0068003.jpg,MEL
ISIC_0061355.jpg,MEL
ISIC_0066910.jpg,MEL
ISIC_0072204.jpg,MEL
ISIC_0028543.jpg,MEL
ISIC_0068900.jpg,MEL
ISIC_0011126.jpg,MEL
ISIC_0054021.jpg,MEL
ISIC_0030440.jpg,MEL
ISIC_0072531.jpg,MEL
ISIC_0069753.jpg,MEL
ISIC_0071778.jpg,MEL
ISIC_0058380.jpg,MEL
ISIC_0024886.jpg,MEL
ISIC_0069970.jpg,MEL
ISIC_0029933.jpg,MEL
ISIC_0011329.jpg,MEL
ISIC_0055937.jpg,MEL
ISIC_0061625.jpg,MEL
ISIC_0031189.jpg,MEL
ISIC_0054520.jpg,MEL
ISIC_0025963.jpg,MEL
ISIC_0015142_downsampled.jpg,MEL
ISIC_0027021.jpg,MEL
ISIC_0065374.jpg,MEL
ISIC_0064080.jpg,MEL
ISIC_0059079.jpg,MEL
ISIC_0032645.jpg,MEL
ISIC_0027651.jpg,MEL
ISIC_0069063.jpg,MEL
ISIC_0014284_downsampled.jpg,MEL
ISIC_0000518.jpg,MEL
ISIC_0068200.jpg,MEL
ISIC_0053841.jpg,MEL
ISIC_0026086.jpg,MEL
ISIC_0059330.jpg,MEL
ISIC_0070601.jpg,MEL
ISIC_0056752.jpg,MEL
ISIC_0069210.jpg,MEL
ISIC_0027327.jpg,MEL
ISIC_0033081.jpg,MEL
ISIC_0071806.jpg,MEL
ISIC_0067621.jpg,MEL
ISIC_0033393.jpg,MEL
ISIC_0000163.jpg,MEL
ISIC_0034051.jpg,MEL
ISIC_0069540.jpg,MEL
ISIC_0059346.jpg,MEL
ISIC_0025188.jpg,MEL
ISIC_0058127.jpg,MEL
ISIC_0069592.jpg,MEL
ISIC_0060152.jpg,MEL
ISIC_0009910.jpg,MEL
ISIC_0027071.jpg,MEL
ISIC_0013639_downsampled.jpg,MEL
ISIC_0061553.jpg,MEL
ISIC_0013530_downsampled.jpg,MEL
ISIC_0025546.jpg,MEL
ISIC_0029571.jpg,MEL
ISIC_0063475.jpg,MEL
ISIC_0068798.jpg,MEL
ISIC_0001131_downsampled.jpg,MEL
ISIC_0063723.jpg,MEL
ISIC_0067054.jpg,MEL
ISIC_0056750.jpg,MEL
ISIC_0053953.jpg,MEL
ISIC_0057949.jpg,MEL
ISIC_0055905.jpg,MEL
ISIC_0073238.jpg,MEL
ISIC_0069254.jpg,MEL
ISIC_0060377.jpg,MEL
ISIC_0056659.jpg,MEL
ISIC_0056979.jpg,MEL
ISIC_0073115.jpg,MEL
ISIC_0058047.jpg,MEL
ISIC_0055179.jpg,MEL
ISIC_0014290_downsampled.jpg,MEL
ISIC_0056788.jpg,MEL
ISIC_0062098.jpg,MEL
ISIC_0033957.jpg,MEL
ISIC_0064803.jpg,MEL
ISIC_0070246.jpg,MEL
ISIC_0015115_downsampled.jpg,MEL
ISIC_0057313.jpg,MEL
ISIC_0024739.jpg,MEL
ISIC_0070017.jpg,MEL
ISIC_0061021.jpg,MEL
ISIC_0068950.jpg,MEL
ISIC_0064213.jpg,MEL
ISIC_0065521.jpg,MEL
ISIC_0056487.jpg,MEL
ISIC_0067326.jpg,MEL
ISIC_0014766_downsampled.jpg,MEL
ISIC_0062471.jpg,MEL
ISIC_0053611.jpg,MEL
ISIC_0024732.jpg,MEL
ISIC_0072151.jpg,MEL
ISIC_0000157.jpg,MEL
ISIC_0034205.jpg,MEL
ISIC_0072143.jpg,MEL
ISIC_0034028.jpg,MEL
ISIC_0054793.jpg,MEL
ISIC_0013459_downsampled.jpg,MEL
ISIC_0055087.jpg,MEL
ISIC_0054332.jpg,MEL
ISIC_0033377.jpg,MEL
ISIC_0010329.jpg,MEL
ISIC_0030995.jpg,MEL
ISIC_0028655.jpg,MEL
ISIC_0009882.jpg,MEL
ISIC_0054006.jpg,MEL
ISIC_0011136.jpg,MEL
ISIC_0063102.jpg,MEL
ISIC_0062434.jpg,MEL
ISIC_0057864.jpg,MEL
ISIC_0000513.jpg,MEL
ISIC_0057323.jpg,MEL
ISIC_0065128.jpg,MEL
ISIC_0025927.jpg,MEL
ISIC_0063026.jpg,MEL
ISIC_0033117.jpg,MEL
ISIC_0072569.jpg,MEL
ISIC_0061531.jpg,MEL
ISIC_0014985_downsampled.jpg,MEL
ISIC_0032766.jpg,MEL
ISIC_0013663_downsampled.jpg,MEL
ISIC_0013581_downsampled.jpg,MEL
ISIC_0029316.jpg,MEL
ISIC_0062770.jpg,MEL
ISIC_0033089.jpg,MEL
ISIC_0030512.jpg,MEL
ISIC_0071651.jpg,MEL
ISIC_0025524.jpg,MEL
ISIC_0068677.jpg,MEL
ISIC_0071528.jpg,MEL
ISIC_0065598.jpg,MEL
ISIC_0067009.jpg,MEL
ISIC_0054705.jpg,MEL
ISIC_0064925.jpg,MEL
ISIC_0060677.jpg,MEL
ISIC_0027420.jpg,MEL
ISIC_0029271.jpg,MEL
ISIC_0070123.jpg,MEL
ISIC_0071681.jpg,MEL
ISIC_0067513.jpg,MEL
ISIC_0068528.jpg,MEL
ISIC_0056991.jpg,MEL
ISIC_0058617.jpg,MEL
ISIC_0032504.jpg,MEL
ISIC_0000306.jpg,MEL
ISIC_0055931.jpg,MEL
ISIC_0026314.jpg,MEL
ISIC_0032807.jpg,MEL
ISIC_0057823.jpg,MEL
ISIC_0068164.jpg,MEL
ISIC_0033042.jpg,MEL
ISIC_0067697.jpg,MEL
ISIC_0034104.jpg,MEL
ISIC_0071957.jpg,MEL
ISIC_0068782.jpg,MEL
ISIC_0028306.jpg,MEL
ISIC_0058168.jpg,MEL
ISIC_0033424.jpg,MEL
ISIC_0065062.jpg,MEL
ISIC_0031543.jpg,MEL
ISIC_0065247.jpg,MEL
ISIC_0068766.jpg,MEL
ISIC_0058863.jpg,MEL
ISIC_0061079.jpg,MEL
ISIC_0070137.jpg,MEL
ISIC_0056127.jpg,MEL
ISIC_0032197.jpg,MEL
ISIC_0067333.jpg,MEL
ISIC_0000520_downsampled.jpg,MEL
ISIC_0057406.jpg,MEL
ISIC_0063349.jpg,MEL
ISIC_0000283.jpg,MEL
ISIC_0068310.jpg,MEL
ISIC_0026811.jpg,MEL
ISIC_0000164.jpg,MEL
ISIC_0066209.jpg,MEL
ISIC_0056638.jpg,MEL
ISIC_0064941.jpg,MEL
ISIC_0014088_downsampled.jpg,MEL
ISIC_0033470.jpg,MEL
ISIC_0055623.jpg,MEL
ISIC_0015041_downsampled.jpg,MEL
ISIC_0014160_downsampled.jpg,MEL
ISIC_0072522.jpg,MEL
ISIC_0032430.jpg,MEL
ISIC_0054465.jpg,MEL
ISIC_0013988_downsampled.jpg,MEL
ISIC_0025589.jpg,MEL
ISIC_0062515.jpg,MEL
ISIC_0065921.jpg,MEL
ISIC_0028565.jpg,MEL
ISIC_0028220.jpg,MEL
ISIC_0031494.jpg,MEL
ISIC_0033120.jpg,MEL
ISIC_0033668.jpg,MEL
ISIC_0071826.jpg,MEL
ISIC_0028915.jpg,MEL
ISIC_0062980.jpg,MEL
ISIC_0060521.jpg,MEL
ISIC_0062251.jpg,MEL
ISIC_0032149.jpg,MEL
ISIC_0068381.jpg,MEL
ISIC_0070623.jpg,MEL
ISIC_0064212.jpg,MEL
ISIC_0030246.jpg,MEL
ISIC_0068808.jpg,MEL
ISIC_0065801.jpg,MEL
ISIC_0053582.jpg,MEL
ISIC_0061359.jpg,MEL
ISIC_0070501.jpg,MEL
ISIC_0064157.jpg,MEL
ISIC_0055468.jpg,MEL
ISIC_0029094.jpg,MEL
ISIC_0068315.jpg,MEL
ISIC_0015167_downsampled.jpg,MEL
ISIC_0010024.jpg,MEL
ISIC_0056047.jpg,MEL
ISIC_0062204.jpg,MEL
ISIC_0031295.jpg,MEL
ISIC_0071892.jpg,MEL
ISIC_0062869.jpg,MEL
ISIC_0028916.jpg,MEL
ISIC_0060700.jpg,MEL
ISIC_0072585.jpg,MEL
ISIC_0033708.jpg,MEL
ISIC_0000484.jpg,MEL
ISIC_0059444.jpg,MEL
ISIC_0055960.jpg,MEL
ISIC_0067512.jpg,MEL
ISIC_0055496.jpg,MEL
ISIC_0025512.jpg,MEL
ISIC_0065904.jpg,MEL
ISIC_0063450.jpg,MEL
ISIC_0027904.jpg,MEL
ISIC_0014922_downsampled.jpg,MEL
ISIC_0068291.jpg,MEL
ISIC_0014832_downsampled.jpg,MEL
ISIC_0055318.jpg,MEL
ISIC_0059443.jpg,MEL
ISIC_0055876.jpg,MEL
ISIC_0063811.jpg,MEL
ISIC_0054341.jpg,MEL
ISIC_0063595.jpg,MEL
ISIC_0059276.jpg,NV
ISIC_0031066.jpg,NV
ISIC_0067031.jpg,NV
ISIC_0031365.jpg,NV
ISIC_0060961.jpg,NV
ISIC_0030666.jpg,NV
ISIC_0057040.jpg,NV
ISIC_0066762.jpg,NV
ISIC_0000051_downsampled.jpg,NV
ISIC_0064362.jpg,NV
ISIC_0032974.jpg,NV
ISIC_0070637.jpg,NV
ISIC_0027727.jpg,NV
ISIC_0032175.jpg,NV
ISIC_0029911.jpg,NV
ISIC_0029452.jpg,NV
ISIC_0025281.jpg,NV
ISIC_0065261.jpg,NV
ISIC_0026780.jpg,NV
ISIC_0033914.jpg,NV
ISIC_0056603.jpg,NV
ISIC_0029317.jpg,NV
ISIC_0028298.jpg,NV
ISIC_0032771.jpg,NV
ISIC_0025634.jpg,NV
ISIC_0030786.jpg,NV
ISIC_0011225.jpg,NV
ISIC_0011083.jpg,NV
ISIC_0072814.jpg,NV
ISIC_0027575.jpg,NV
ISIC_0057022.jpg,NV
ISIC_0031431.jpg,NV
ISIC_0055118.jpg,NV
ISIC_0031922.jpg,NV
ISIC_0012878_downsampled.jpg,NV
ISIC_0060668.jpg,NV
ISIC_0058954.jpg,NV
ISIC_0026929.jpg,NV
ISIC_0026807.jpg,NV
ISIC_0068653.jpg,NV
ISIC_0055888.jpg,NV
ISIC_0026456.jpg,NV
ISIC_0030877.jpg,NV
ISIC_0066871.jpg,NV
ISIC_0031695.jpg,NV
ISIC_0028639.jpg,NV
ISIC_0031335.jpg,NV
ISIC_0065741.jpg,NV
ISIC_0058653.jpg,NV
ISIC_0025112.jpg,NV
ISIC_0010497.jpg,NV
ISIC_0028270.jpg,NV
ISIC_0068370.jpg,NV
ISIC_0009968.jpg,NV
ISIC_0032086.jpg,NV
ISIC_0025497.jpg,NV
ISIC_0072512.jpg,NV
ISIC_0012726_downsampled.jpg,NV
ISIC_0070547.jpg,NV
ISIC_0054978.jpg,NV
ISIC_0057575.jpg,NV
ISIC_0024555.jpg,NV
ISIC_0066230.jpg,NV
ISIC_0028174.jpg,NV
ISIC_0027701.jpg,NV
ISIC_0058994.jpg,NV
ISIC_0069483.jpg,NV
ISIC_0028867.jpg,NV
ISIC_0059376.jpg,NV
ISIC_0067691.jpg,NV
ISIC_0025942.jpg,NV
ISIC_0070526.jpg,NV
ISIC_0063115.jpg,NV
ISIC_0064796.jpg,NV
ISIC_0031192.jpg,NV
ISIC_0029262.jpg,NV
ISIC_0054012.jpg,NV
ISIC_0057021.jpg,NV
ISIC_0062043.jpg,NV
ISIC_0024463.jpg,NV
ISIC_0026196.jpg,NV
ISIC_0033069.jpg,NV
ISIC_0032704.jpg,NV
ISIC_0071560.jpg,NV
ISIC_0072781.jpg,NV
ISIC_0032376.jpg,NV
ISIC_0024863.jpg,NV
ISIC_0056898.jpg,NV
ISIC_0030127.jpg,NV
ISIC_0062123.jpg,NV
ISIC_0072352.jpg,NV
ISIC_0000508.jpg,NV
ISIC_0068656.jpg,NV
ISIC_0025258.jpg,NV
ISIC_0030743.jpg,NV
ISIC_0065260.jpg,NV
ISIC_0014792_downsampled.jpg,NV
ISIC_0062337.jpg,NV
ISIC_0031964.jpg,NV
ISIC_0066843.jpg,NV
ISIC_0060478.jpg,NV
ISIC_0028214.jpg,NV
ISIC_0060023.jpg,NV
ISIC_0024604.jpg,NV
ISIC_0026925.jpg,NV
ISIC_0014248_downsampled.jpg,NV
ISIC_0053803.jpg,NV
ISIC_0030237.jpg,NV
ISIC_0028841.jpg,NV
ISIC_0013758_downsampled.jpg,NV
ISIC_0030030.jpg,NV
ISIC_0072524.jpg,NV
ISIC_0057206.jpg,NV
ISIC_0029935.jpg,NV
ISIC_0066006.jpg,NV
ISIC_0033398.jpg,NV
ISIC_0027930.jpg,NV
ISIC_0010846.jpg,NV
ISIC_0014903_downsampled.jpg,NV
ISIC_0013181_downsampled.jpg,NV
ISIC_0025737.jpg,NV
ISIC_0000530.jpg,NV
ISIC_0066063.jpg,NV
ISIC_0026491.jpg,NV
ISIC_0011353.jpg,NV
ISIC_0065931.jpg,NV
ISIC_0053892.jpg,NV
ISIC_0024903.jpg,NV
ISIC_0031086.jpg,NV
ISIC_0067037.jpg,NV
ISIC_0030819.jpg,NV
ISIC_0058148.jpg,NV
ISIC_0069195.jpg,NV
ISIC_0067661.jpg,NV
ISIC_0031370.jpg,NV
ISIC_0010344.jpg,NV
ISIC_0032078.jpg,NV
ISIC_0056302.jpg,NV
ISIC_0067964.jpg,NV
ISIC_0069317.jpg,NV
ISIC_0056150.jpg,NV
ISIC_0062924.jpg,NV
ISIC_0065960.jpg,NV
ISIC_0015040_downsampled.jpg,NV
ISIC_0068156.jpg,NV
ISIC_0031045.jpg,NV
ISIC_0012957_downsampled.jpg,NV
ISIC_0057770.jpg,NV
ISIC_0029400.jpg,NV
ISIC_0029459.jpg,NV
ISIC_0058199.jpg,NV
ISIC_0000489.jpg,NV
ISIC_0015563_downsampled.jpg,NV
ISIC_0029869.jpg,NV
ISIC_0026848.jpg,NV
ISIC_0029540.jpg,NV
ISIC_0058540.jpg,NV
ISIC_0034017.jpg,NV
ISIC_0013126_downsampled.jpg,NV
ISIC_0055649.jpg,NV
ISIC_0030579.jpg,NV
ISIC_0059910.jpg,NV
ISIC_0030164.jpg,NV
ISIC_0027950.jpg,NV
ISIC_0013971_downsampled.jpg,NV
ISIC_0028008.jpg,NV
ISIC_0061996.jpg,NV
ISIC_0025146.jpg,NV
ISIC_0069818.jpg,NV
ISIC_0010336.jpg,NV
ISIC_0025274.jpg,NV
ISIC_0071488.jpg,NV
ISIC_0065938.jpg,NV
ISIC_0010339.jpg,NV
ISIC_0028704.jpg,NV
ISIC_0027118.jpg,NV
ISIC_0029900.jpg,NV
ISIC_0031111.jpg,NV
ISIC_0013965_downsampled.jpg,NV
ISIC_0056968.jpg,NV
ISIC_0055844.jpg,NV
ISIC_0057440.jpg,NV
ISIC_0026936.jpg,NV
ISIC_0025775.jpg,NV
ISIC_0024784.jpg,NV
ISIC_0060404.jpg,NV
ISIC_0071440.jpg,NV
ISIC_0068092.jpg,NV
ISIC_0027029.jpg,NV
ISIC_0032090.jpg,NV
ISIC_0071519.jpg,NV
ISIC_0062656.jpg,NV
ISIC_0030602.jpg,NV
ISIC_0032943.jpg,NV
ISIC_0024891.jpg,NV
ISIC_0029500.jpg,NV
ISIC_0054689.jpg,NV
ISIC_0027321.jpg,NV
ISIC_0061632.jpg,NV
ISIC_0053521.jpg,NV
ISIC_0069120.jpg,NV
ISIC_0015436_downsampled.jpg,NV
ISIC_0012739_downsampled.jpg,NV
ISIC_0030810.jpg,NV
ISIC_0024566.jpg,NV
ISIC_0012945_downsampled.jpg,NV
ISIC_0012702_downsampled.jpg,NV
ISIC_0014274_downsampled.jpg,NV
ISIC_0062584.jpg,NV
ISIC_0025742.jpg,NV
ISIC_0030730.jpg,NV
ISIC_0026215.jpg,NV
ISIC_0029882.jpg,NV
ISIC_0060878.jpg,NV
ISIC_0066259.jpg,NV
ISIC_0028370.jpg,NV
ISIC_0028517.jpg,NV
ISIC_0014299_downsampled.jpg,NV
ISIC_0029985.jpg,NV
ISIC_0025822.jpg,NV
ISIC_0033840.jpg,NV
ISIC_0061593.jpg,NV
ISIC_0061641.jpg,NV
ISIC_0072203.jpg,NV
ISIC_0026223.jpg,NV
ISIC_0056502.jpg,NV
ISIC_0065470.jpg,NV
ISIC_0031292.jpg,NV
ISIC_0068198.jpg,NV
ISIC_0025869.jpg,NV
ISIC_0072452.jpg,NV
ISIC_0030962.jpg,NV
ISIC_0031845.jpg,NV
ISIC_0032775.jpg,NV
ISIC_0030640.jpg,NV
ISIC_0055385.jpg,NV
ISIC_0031414.jpg,NV
ISIC_0057745.jpg,NV
ISIC_0057140.jpg,NV
ISIC_0058967.jpg,NV
ISIC_0072892.jpg,NV
ISIC_0030084.jpg,NV
ISIC_0067356.jpg,NV
ISIC_0033540.jpg,NV
ISIC_0027166.jpg,NV
ISIC_0026348.jpg,NV
ISIC_0030596.jpg,NV
ISIC_0057481.jpg,NV
ISIC_0063957.jpg,NV
ISIC_0059543.jpg,NV
ISIC_0057857.jpg,NV
ISIC_0010212.jpg,NV
ISIC_0069838.jpg,NV
ISIC_0028596.jpg,NV
ISIC_0033737.jpg,NV
ISIC_0014796_downsampled.jpg,NV
ISIC_0029664.jpg,NV
ISIC_0025697.jpg,NV
ISIC_0029223.jpg,NV
ISIC_0026227.jpg,NV
ISIC_0069455.jpg,NV
ISIC_0055057.jpg,NV
ISIC_0030153.jpg,NV
ISIC_0030691.jpg,NV
ISIC_0060333.jpg,NV
ISIC_0029586.jpg,NV
ISIC_0031536.jpg,NV
ISIC_0062246.jpg,NV
ISIC_0054587.jpg,NV
ISIC_0028859.jpg,NV
ISIC_0063391.jpg,NV
ISIC_0028580.jpg,NV
ISIC_0066567.jpg,NV
ISIC_0065906.jpg,NV
ISIC_0014821_downsampled.jpg,NV
ISIC_0015526_downsampled.jpg,NV
ISIC_0013340_downsampled.jpg,NV
ISIC_0024511.jpg,NV
ISIC_0069672.jpg,NV
ISIC_0030317.jpg,NV
ISIC_0013712_downsampled.jpg,NV
ISIC_0031301.jpg,NV
ISIC_0066674.jpg,NV
ISIC_0024789.jpg,NV
ISIC_0029165.jpg,NV
ISIC_0025027.jpg,NV
ISIC_0029675.jpg,NV
ISIC_0053506.jpg,NV
ISIC_0032141.jpg,NV
ISIC_0014834_downsampled.jpg,NV
ISIC_0070143.jpg,NV
ISIC_0032195.jpg,NV
ISIC_0066964.jpg,NV
ISIC_0032769.jpg,NV
ISIC_0026270.jpg,NV
ISIC_0059772.jpg,NV
ISIC_0058902.jpg,NV
ISIC_0028232.jpg,NV
ISIC_0054184.jpg,NV
ISIC_0026591.jpg,NV
ISIC_0033978.jpg,NV
ISIC_0065619.jpg,NV
ISIC_0063261.jpg,NV
ISIC_0015537_downsampled.jpg,NV
ISIC_0057498.jpg,NV
ISIC_0026035.jpg,NV
ISIC_0027577.jpg,NV
ISIC_0030624.jpg,NV
ISIC_0026226.jpg,NV
ISIC_0025675.jpg,NV
ISIC_0057455.jpg,NV
ISIC_0060522.jpg,NV
ISIC_0059685.jpg,NV
ISIC_0031091.jpg,NV
ISIC_0060794.jpg,NV
ISIC_0072284.jpg,NV
ISIC_0026891.jpg,NV
ISIC_0055240.jpg,NV
ISIC_0065811.jpg,NV
ISIC_0026212.jpg,NV
ISIC_0063472.jpg,NV
ISIC_0058690.jpg,NV
ISIC_0013302_downsampled.jpg,NV
ISIC_0024364.jpg,NV
ISIC_0062790.jpg,NV
ISIC_0055872.jpg,NV
ISIC_0009958.jpg,NV
ISIC_0062715.jpg,NV
ISIC_0070915.jpg,NV
ISIC_0072518.jpg,NV
ISIC_0028708.jpg,NV
ISIC_0032011.jpg,NV
ISIC_0030940.jpg,NV
ISIC_0030344.jpg,NV
ISIC_0034014.jpg,NV
ISIC_0063005.jpg,NV
ISIC_0029712.jpg,NV
ISIC_0028527.jpg,NV
ISIC_0060517.jpg,NV
ISIC_0030217.jpg,NV
ISIC_0061133.jpg,NV
ISIC_0013456_downsampled.jpg,NV
ISIC_0061414.jpg,NV
ISIC_0024922.jpg,NV
ISIC_0012987_downsampled.jpg,NV
ISIC_0025798.jpg,NV
ISIC_0072205.jpg,NV
ISIC_0031393.jpg,NV
ISIC_0032115.jpg,NV
ISIC_0025768.jpg,NV
ISIC_0062390.jpg,NV
ISIC_0066279.jpg,NV
ISIC_0054425.jpg,NV
ISIC_0055395.jpg,NV
ISIC_0071019.jpg,NV
ISIC_0072537.jpg,NV
ISIC_0066454.jpg,NV
ISIC_0026367.jpg,NV
ISIC_0027726.jpg,NV
ISIC_0025056.jpg,NV
ISIC_0032364.jpg,NV
ISIC_0030315.jpg,NV
ISIC_0058477.jpg,NV
ISIC_0028407.jpg,NV
ISIC_0026984.jpg,NV
ISIC_0054751.jpg,NV
ISIC_0032871.jpg,NV
ISIC_0014729_downsampled.jpg,NV
ISIC_0032293.jpg,NV
ISIC_0064912.jpg,NV
ISIC_0059888.jpg,NV
ISIC_0028714.jpg,NV
ISIC_0066585.jpg,NV
ISIC_0065640.jpg,NV
ISIC_0032234.jpg,NV
ISIC_0063875.jpg,NV
ISIC_0000505.jpg,NV
ISIC_0059047.jpg,NV
ISIC_0029141.jpg,NV
ISIC_0030504.jpg,NV
ISIC_0063962.jpg,NV
ISIC_0072295.jpg,NV
ISIC_0026655.jpg,NV
ISIC_0027585.jpg,NV
ISIC_0066096.jpg,NV
ISIC_0033250.jpg,NV
ISIC_0025134.jpg,NV
ISIC_0024460.jpg,NV
ISIC_0015369_downsampled.jpg,NV
ISIC_0026869.jpg,NV
ISIC_0033442.jpg,NV
ISIC_0071313.jpg,NV
ISIC_0027717.jpg,NV
ISIC_0064710.jpg,NV
ISIC_0068329.jpg,NV
ISIC_0026922.jpg,NV
ISIC_0071077.jpg,NV
ISIC_0063287.jpg,NV
ISIC_0068507.jpg,NV
ISIC_0024533.jpg,NV
ISIC_0029915.jpg,NV
ISIC_0013946_downsampled.jpg,NV
ISIC_0071285.jpg,NV
ISIC_0009954.jpg,NV
ISIC_0009976.jpg,NV
ISIC_0053758.jpg,NV
ISIC_0063644.jpg,NV
ISIC_0032267.jpg,NV
ISIC_0026055.jpg,NV
ISIC_0069377.jpg,NV
ISIC_0056439.jpg,NV
ISIC_0014730_downsampled.jpg,NV
ISIC_0013789_downsampled.jpg,NV
ISIC_0024466.jpg,NV
ISIC_0026013.jpg,NV
ISIC_0027626.jpg,NV
ISIC_0024628.jpg,NV
ISIC_0032060.jpg,NV
ISIC_0024766.jpg,NV
ISIC_0068072.jpg,NV
ISIC_0034079.jpg,NV
ISIC_0025358.jpg,NV
ISIC_0056459.jpg,NV
ISIC_0030620.jpg,NV
ISIC_0029753.jpg,NV
ISIC_0028633.jpg,NV
ISIC_0065578.jpg,NV
ISIC_0012877_downsampled.jpg,NV
ISIC_0028632.jpg,NV
ISIC_0032369.jpg,NV
ISIC_0058588.jpg,NV
ISIC_0030247.jpg,NV
ISIC_0060943.jpg,NV
ISIC_0066480.jpg,NV
ISIC_0056707.jpg,NV
ISIC_0053538.jpg,NV
ISIC_0028359.jpg,NV
ISIC_0026191.jpg,NV
ISIC_0064621.jpg,NV
ISIC_0029054.jpg,NV
ISIC_0053918.jpg,NV
ISIC_0068805.jpg,NV
ISIC_0027708.jpg,NV
ISIC_0010599.jpg,NV
ISIC_0031895.jpg,NV
ISIC_0073202.jpg,NV
ISIC_0029244.jpg,NV
ISIC_0073035.jpg,NV
ISIC_0054318.jpg,NV
ISIC_0030416.jpg,NV
ISIC_0068187.jpg,NV
ISIC_0067427.jpg,NV
ISIC_0057600.jpg,NV
ISIC_0027237.jpg,NV
ISIC_0067759.jpg,NV
ISIC_0066484.jpg,NV
ISIC_0030991.jpg,NV
ISIC_0026261.jpg,NV
ISIC_0067854.jpg,NV
ISIC_0012803_downsampled.jpg,NV
ISIC_0031443.jpg,NV
ISIC_0032199.jpg,NV
ISIC_0072741.jpg,NV
ISIC_0033718.jpg,NV
ISIC_0033071.jpg,NV
ISIC_0059095.jpg,NV
ISIC_0026522.jpg,NV
ISIC_0033484.jpg,NV
ISIC_0031317.jpg,NV
ISIC_0032948.jpg,NV
ISIC_0028996.jpg,NV
ISIC_0010042.jpg,NV
ISIC_0025551.jpg,NV
ISIC_0025463.jpg,NV
ISIC_0055970.jpg,NV
ISIC_0054039.jpg,NV
ISIC_0058511.jpg,NV
ISIC_0026327.jpg,NV
ISIC_0064854.jpg,NV
ISIC_0070496.jpg,NV
ISIC_0058156.jpg,NV
ISIC_0014731_downsampled.jpg,NV
ISIC_0028816.jpg,NV
ISIC_0029634.jpg,NV
ISIC_0067729.jpg,NV
ISIC_0063252.jpg,NV
ISIC_0059968.jpg,NV
ISIC_0061667.jpg,NV
ISIC_0029541.jpg,NV
ISIC_0070130.jpg,NV
ISIC_0028619.jpg,NV
ISIC_0057135.jpg,NV
ISIC_0009872.jpg,NV
ISIC_0012793_downsampled.jpg,NV
ISIC_0026171.jpg,NV
ISIC_0015403_downsampled.jpg,NV
ISIC_0057351.jpg,NV
ISIC_0032032.jpg,NV
ISIC_0031090.jpg,NV
ISIC_0026555.jpg,NV
ISIC_0009884.jpg,NV
ISIC_0068088.jpg,NV
ISIC_0031587.jpg,NV
ISIC_0012965_downsampled.jpg,NV
ISIC_0031074.jpg,NV
ISIC_0070692.jpg,NV
ISIC_0069240.jpg,NV
ISIC_0030036.jpg,NV
ISIC_0025809.jpg,NV
ISIC_0026729.jpg,NV
ISIC_0060646.jpg,NV
ISIC_0068014.jpg,NV
ISIC_0025538.jpg,NV
ISIC_0026632.jpg,NV
ISIC_0028125.jpg,NV
ISIC_0067416.jpg,NV
ISIC_0031622.jpg,NV
ISIC_0029946.jpg,NV
ISIC_0054556.jpg,NV
ISIC_0071490.jpg,NV
ISIC_0057071.jpg,NV
ISIC_0012940_downsampled.jpg,NV
ISIC_0030589.jpg,NV
ISIC_0033327.jpg,NV
ISIC_0060976.jpg,NV
ISIC_0033712.jpg,NV
ISIC_0030540.jpg,NV
ISIC_0026709.jpg,NV
ISIC_0033705.jpg,NV
ISIC_0029905.jpg,NV
ISIC_0028904.jpg,NV
ISIC_0013369_downsampled.jpg,NV
ISIC_0033297.jpg,NV
ISIC_0033746.jpg,NV
ISIC_0027002.jpg,NV
ISIC_0014441_downsampled.jpg,NV
ISIC_0025606.jpg,NV
ISIC_0000275.jpg,NV
ISIC_0031629.jpg,NV
ISIC_0027962.jpg,NV
ISIC_0029965.jpg,NV
ISIC_0068865.jpg,NV
ISIC_0066648.jpg,NV
ISIC_0030351.jpg,NV
ISIC_0070739.jpg,NV
ISIC_0065150.jpg,NV
ISIC_0053529.jpg,NV
ISIC_0058906.jpg,NV
ISIC_0028024.jpg,NV
ISIC_0025612.jpg,NV
ISIC_0025688.jpg,NV
ISIC_0032520.jpg,NV
ISIC_0029273.jpg,NV
ISIC_0065758.jpg,NV
ISIC_0062679.jpg,NV
ISIC_0063297.jpg,NV
ISIC_0059087.jpg,NV
ISIC_0031469.jpg,NV
ISIC_0012961_downsampled.jpg,NV
ISIC_0029854.jpg,NV
ISIC_0015293_downsampled.jpg,NV
ISIC_0063755.jpg,NV
ISIC_0024872.jpg,NV
ISIC_0055042.jpg,NV
ISIC_0029167.jpg,NV
ISIC_0029087.jpg,NV
ISIC_0014923_downsampled.jpg,NV
ISIC_0027506.jpg,NV
ISIC_0073224.jpg,NV
ISIC_0014904_downsampled.jpg,NV
ISIC_0053877.jpg,NV
ISIC_0031998.jpg,NV
ISIC_0027829.jpg,NV
ISIC_0032012.jpg,NV
ISIC_0025397.jpg,NV
ISIC_0031249.jpg,NV
ISIC_0025251.jpg,NV
ISIC_0067715.jpg,NV
ISIC_0053783.jpg,NV
ISIC_0024831.jpg,NV
ISIC_0031672.jpg,NV
ISIC_0030820.jpg,NV
ISIC_0024847.jpg,NV
ISIC_0013269_downsampled.jpg,NV
ISIC_0030190.jpg,NV
ISIC_0070321.jpg,NV
ISIC_0025481.jpg,NV
ISIC_0064145.jpg,NV
ISIC_0064335.jpg,NV
ISIC_0056373.jpg,NV
ISIC_0024824.jpg,NV
ISIC_0027802.jpg,NV
ISIC_0014708_downsampled.jpg,NV
ISIC_0032206.jpg,NV
ISIC_0061376.jpg,NV
ISIC_0068325.jpg,NV
ISIC_0009964.jpg,NV
ISIC_0053799.jpg,NV
ISIC_0027384.jpg,NV
ISIC_0026440.jpg,NV
ISIC_0054502.jpg,NV
ISIC_0010337.jpg,NV
ISIC_0063701.jpg,NV
ISIC_0058598.jpg,NV
ISIC_0062822.jpg,NV
ISIC_0058565.jpg,NV
ISIC_0025453.jpg,NV
ISIC_0030598.jpg,NV
ISIC_0011115.jpg,NV
ISIC_0031458.jpg,NV
ISIC_0027107.jpg,NV
ISIC_0058850.jpg,NV
ISIC_0066550.jpg,NV
ISIC_0025595.jpg,NV
ISIC_0069027.jpg,NV
ISIC_0056110.jpg,NV
ISIC_0057304.jpg,NV
ISIC_0027268.jpg,NV
ISIC_0032000.jpg,NV
ISIC_0060814.jpg,NV
ISIC_0059575.jpg,NV
ISIC_0028413.jpg,NV
ISIC_0030519.jpg,NV
ISIC_0057639.jpg,NV
ISIC_0011081.jpg,NV
ISIC_0026163.jpg,NV
ISIC_0029883.jpg,NV
ISIC_0025673.jpg,NV
ISIC_0029611.jpg,NV
ISIC_0030050.jpg,NV
ISIC_0060544.jpg,NV
ISIC_0029798.jpg,NV
ISIC_0026742.jpg,NV
ISIC_0024707.jpg,NV
ISIC_0031165.jpg,NV
ISIC_0025411.jpg,NV
ISIC_0031515.jpg,NV
ISIC_0067966.jpg,NV
ISIC_0027723.jpg,NV
ISIC_0068842.jpg,NV
ISIC_0029254.jpg,NV
ISIC_0065628.jpg,NV
ISIC_0032785.jpg,NV
ISIC_0067371.jpg,NV
ISIC_0027812.jpg,NV
ISIC_0058983.jpg,NV
ISIC_0066574.jpg,NV
ISIC_0057260.jpg,NV
ISIC_0032464.jpg,NV
ISIC_0062878.jpg,NV
ISIC_0064524.jpg,NV
ISIC_0010847.jpg,NV
ISIC_0030419.jpg,NV
ISIC_0056613.jpg,NV
ISIC_0009973.jpg,NV
ISIC_0033897.jpg,NV
ISIC_0064956.jpg,NV
ISIC_0069719.jpg,NV
ISIC_0014328_downsampled.jpg,NV
ISIC_0011129.jpg,NV
ISIC_0030021.jpg,NV
ISIC_0053593.jpg,NV
ISIC_0053826.jpg,NV
ISIC_0026608.jpg,NV
ISIC_0015364_downsampled.jpg,NV
ISIC_0026535.jpg,NV
ISIC_0070993.jpg,NV
ISIC_0025273.jpg,NV
ISIC_0027543.jpg,NV
ISIC_0029105.jpg,NV
ISIC_0030874.jpg,NV
ISIC_0059211.jpg,NV
ISIC_0058776.jpg,NV
ISIC_0026410.jpg,NV
ISIC_0026166.jpg,NV
ISIC_0027537.jpg,NV
ISIC_0068823.jpg,NV
ISIC_0030956.jpg,NV
ISIC_0029873.jpg,NV
ISIC_0062692.jpg,NV
ISIC_0030091.jpg,NV
ISIC_0024450.jpg,NV
ISIC_0014702_downsampled.jpg,NV
ISIC_0069505.jpg,NV
ISIC_0031094.jpg,NV
ISIC_0024486.jpg,NV
ISIC_0064889.jpg,NV
ISIC_0064959.jpg,NV
ISIC_0029383.jpg,NV
ISIC_0029926.jpg,NV
ISIC_0066022.jpg,NV
ISIC_0028337.jpg,NV
ISIC_0068806.jpg,NV
ISIC_0031044.jpg,NV
ISIC_0026904.jpg,NV
ISIC_0012710_downsampled.jpg,NV
ISIC_0027242.jpg,NV
ISIC_0024667.jpg,NV
ISIC_0072764.jpg,NV
ISIC_0063878.jpg,NV
ISIC_0068820.jpg,NV
ISIC_0064386.jpg,NV
ISIC_0058756.jpg,NV
ISIC_0032029.jpg,NV
ISIC_0030334.jpg,NV
ISIC_0067074.jpg,NV
ISIC_0066208.jpg,NV
ISIC_0056077.jpg,NV
ISIC_0059886.jpg,NV
ISIC_0026329.jpg,NV
ISIC_0061142.jpg,NV
ISIC_0027562.jpg,NV
ISIC_0056886.jpg,NV
ISIC_0072347.jpg,NV
ISIC_0014697_downsampled.jpg,NV
ISIC_0058761.jpg,NV
ISIC_0065251.jpg,NV
ISIC_0068885.jpg,NV
ISIC_0014470_downsampled.jpg,NV
ISIC_0034264.jpg,NV
ISIC_0062159.jpg,NV
ISIC_0068369.jpg,NV
ISIC_0033694.jpg,NV
ISIC_0015447_downsampled.jpg,NV
ISIC_0013023_downsampled.jpg,NV
ISIC_0025461.jpg,NV
ISIC_0029430.jpg,NV
ISIC_0065095.jpg,NV
ISIC_0024485.jpg,NV
ISIC_0061932.jpg,NV
ISIC_0031576.jpg,NV
ISIC_0055326.jpg,NV
ISIC_0063831.jpg,NV
ISIC_0031108.jpg,NV
ISIC_0061878.jpg,NV
ISIC_0033031.jpg,NV
ISIC_0029982.jpg,NV
ISIC_0053708.jpg,NV
ISIC_0055148.jpg,NV
ISIC_0060354.jpg,NV
ISIC_0069547.jpg,NV
ISIC_0015593_downsampled.jpg,NV
ISIC_0028261.jpg,NV
ISIC_0024455.jpg,NV
ISIC_0014069_downsampled.jpg,NV
ISIC_0028987.jpg,NV
ISIC_0030986.jpg,NV
ISIC_0062245.jpg,NV
ISIC_0057459.jpg,NV
ISIC_0010844.jpg,NV
ISIC_0064624.jpg,NV
ISIC_0065841.jpg,NV
ISIC_0057183.jpg,NV
ISIC_0027529.jpg,NV
ISIC_0056643.jpg,NV
ISIC_0070818.jpg,NV
ISIC_0058737.jpg,NV
ISIC_0032130.jpg,NV
ISIC_0063896.jpg,NV
ISIC_0061304.jpg,NV
ISIC_0072327.jpg,NV
ISIC_0061594.jpg,NV
ISIC_0068089.jpg,NV
ISIC_0071121.jpg,NV
ISIC_0069413.jpg,NV
ISIC_0070677.jpg,NV
ISIC_0072710.jpg,NV
ISIC_0027884.jpg,NV
ISIC_0027790.jpg,NV
ISIC_0062238.jpg,NV
ISIC_0026148.jpg,NV
ISIC_0056275.jpg,NV
ISIC_0069492.jpg,NV
ISIC_0026478.jpg,NV
ISIC_0010102.jpg,NV
ISIC_0060111.jpg,NV
ISIC_0029796.jpg,NV
ISIC_0031254.jpg,NV
ISIC_0029409.jpg,NV
ISIC_0070707.jpg,NV
ISIC_0063150.jpg,NV
ISIC_0060890.jpg,NV
ISIC_0028810.jpg,NV
ISIC_0055596.jpg,NV
ISIC_0061352.jpg,NV
ISIC_0034013.jpg,NV
ISIC_0025182.jpg,NV
ISIC_0072838.jpg,NV
ISIC_0057077.jpg,NV
ISIC_0028924.jpg,NV
ISIC_0032211.jpg,NV
ISIC_0025104.jpg,NV
ISIC_0031467.jpg,NV
ISIC_0024989.jpg,NV
ISIC_0014925_downsampled.jpg,NV
ISIC_0013527_downsampled.jpg,NV
ISIC_0033058.jpg,NV
ISIC_0010440.jpg,NV
ISIC_0057638.jpg,NV
ISIC_0034169.jpg,NV
ISIC_0071518.jpg,NV
ISIC_0028935.jpg,NV
ISIC_0058622.jpg,NV
ISIC_0033244.jpg,NV
ISIC_0030011.jpg,NV
ISIC_0063471.jpg,NV
ISIC_0072986.jpg,NV
ISIC_0032502.jpg,NV
ISIC_0053666.jpg,NV
ISIC_0025946.jpg,NV
ISIC_0056904.jpg,NV
ISIC_0059368.jpg,NV
ISIC_0014698_downsampled.jpg,NV
ISIC_0033922.jpg,NV
ISIC_0072115.jpg,NV
ISIC_0025666.jpg,NV
ISIC_0068122.jpg,NV
ISIC_0066123.jpg,NV
ISIC_0056038.jpg,NV
ISIC_0031156.jpg,NV
ISIC_0064706.jpg,NV
ISIC_0025807.jpg,NV
ISIC_0065796.jpg,NV
ISIC_0065118.jpg,NV
ISIC_0059208.jpg,NV
ISIC_0070297.jpg,NV
ISIC_0025493.jpg,NV
ISIC_0030751.jpg,NV
ISIC_0071835.jpg,NV
ISIC_0013291_downsampled.jpg,NV
ISIC_0065312.jpg,NV
ISIC_0013227_downsampled.jpg,NV
ISIC_0028624.jpg,NV
ISIC_0013201_downsampled.jpg,NV
ISIC_0030866.jpg,NV
ISIC_0031198.jpg,NV
ISIC_0056316.jpg,NV
ISIC_0071877.jpg,NV
ISIC_0056992.jpg,NV
ISIC_0027645.jpg,NV
ISIC_0034279.jpg,NV
ISIC_0058755.jpg,NV
ISIC_0057616.jpg,NV
ISIC_0030562.jpg,NV
ISIC_0067211.jpg,NV
ISIC_0054272.jpg,NV
ISIC_0069645.jpg,NV
ISIC_0026755.jpg,NV
ISIC_0072007.jpg,NV
ISIC_0026625.jpg,NV
ISIC_0072514.jpg,NV
ISIC_0033097.jpg,NV
ISIC_0026561.jpg,NV
ISIC_0057340.jpg,NV
ISIC_0031235.jpg,NV
ISIC_0055870.jpg,NV
ISIC_0054815.jpg,NV
ISIC_0030655.jpg,NV
ISIC_0027249.jpg,NV
ISIC_0031959.jpg,NV
ISIC_0027648.jpg,NV
ISIC_0014815_downsampled.jpg,NV
ISIC_0062641.jpg,NV
ISIC_0030170.jpg,NV
ISIC_0069403.jpg,NV
ISIC_0009915.jpg,NV
ISIC_0025175.jpg,NV
ISIC_0070025.jpg,NV
ISIC_0054422.jpg,NV
ISIC_0064489.jpg,NV
ISIC_0054541.jpg,NV
ISIC_0061014.jpg,NV
ISIC_0026797.jpg,NV
ISIC_0010479.jpg,NV
ISIC_0030325.jpg,NV
ISIC_0027599.jpg,NV
ISIC_0030544.jpg,NV
ISIC_0063880.jpg,NV
ISIC_0065612.jpg,NV
ISIC_0014263_downsampled.jpg,NV
ISIC_0033932.jpg,NV
ISIC_0072519.jpg,NV
ISIC_0062814.jpg,NV
ISIC_0063631.jpg,NV
ISIC_0026525.jpg,NV
ISIC_0027148.jpg,NV
ISIC_0029389.jpg,NV
ISIC_0015254_downsampled.jpg,NV
ISIC_0031649.jpg,NV
ISIC_0013355_downsampled.jpg,NV
ISIC_0070164.jpg,NV
ISIC_0032902.jpg,NV
ISIC_0063238.jpg,NV
ISIC_0014844_downsampled.jpg,NV
ISIC_0025094.jpg,NV
ISIC_0031486.jpg,NV
ISIC_0071436.jpg,NV
ISIC_0071486.jpg,NV
ISIC_0067506.jpg,NV
ISIC_0070598.jpg,NV
ISIC_0027587.jpg,NV
ISIC_0064985.jpg,NV
ISIC_0030549.jpg,NV
ISIC_0032411.jpg,NV
ISIC_0015244_downsampled.jpg,NV
ISIC_0030621.jpg,NV
ISIC_0067855.jpg,NV
ISIC_0069629.jpg,NV
ISIC_0027312.jpg,NV
ISIC_0030307.jpg,NV
ISIC_0026731.jpg,NV
ISIC_0061814.jpg,NV
ISIC_0031257.jpg,NV
ISIC_0000193_downsampled.jpg,NV
ISIC_0010493.jpg,NV
ISIC_0025256.jpg,NV
ISIC_0026681.jpg,NV
ISIC_0025223.jpg,NV
ISIC_0024631.jpg,NV
ISIC_0026589.jpg,NV
ISIC_0060553.jpg,NV
ISIC_0024613.jpg,NV
ISIC_0032066.jpg,NV
ISIC_0056397.jpg,NV
ISIC_0034008.jpg,NV
ISIC_0026386.jpg,NV
ISIC_0033108.jpg,NV
ISIC_0057008.jpg,NV
ISIC_0065476.jpg,NV
ISIC_0066371.jpg,NV
ISIC_0000343.jpg,NV
ISIC_0053724.jpg,NV
ISIC_0070200.jpg,NV
ISIC_0027460.jpg,NV
ISIC_0014812_downsampled.jpg,NV
ISIC_0071339.jpg,NV
ISIC_0029939.jpg,NV
ISIC_0026468.jpg,NV
ISIC_0030078.jpg,NV
ISIC_0000192_downsampled.jpg,NV
ISIC_0029378.jpg,NV
ISIC_0025811.jpg,NV
ISIC_0030359.jpg,NV
ISIC_0029830.jpg,NV
ISIC_0031462.jpg,NV
ISIC_0026315.jpg,NV
ISIC_0073187.jpg,NV
ISIC_0025444.jpg,NV
ISIC_0063890.jpg,NV
ISIC_0065911.jpg,NV
ISIC_0027264.jpg,NV
ISIC_0031609.jpg,NV
ISIC_0031549.jpg,NV
ISIC_0070834.jpg,NV
ISIC_0059769.jpg,NV
ISIC_0072479.jpg,NV
ISIC_0012967_downsampled.jpg,NV
ISIC_0030409.jpg,NV
ISIC_0030478.jpg,NV
ISIC_0058233.jpg,NV
ISIC_0030116.jpg,NV
ISIC_0070044.jpg,NV
ISIC_0031316.jpg,NV
ISIC_0028152.jpg,NV
ISIC_0028795.jpg,NV
ISIC_0061247.jpg,NV
ISIC_0027672.jpg,NV
ISIC_0028280.jpg,NV
ISIC_0025580.jpg,NV
ISIC_0058032.jpg,NV
ISIC_0064485.jpg,NV
ISIC_0024553.jpg,NV
ISIC_0033706.jpg,NV
ISIC_0010565.jpg,NV
ISIC_0024470.jpg,NV
ISIC_0058803.jpg,NV
ISIC_0058460.jpg,NV
ISIC_0055315.jpg,NV
ISIC_0061331.jpg,NV
ISIC_0030347.jpg,NV
ISIC_0054937.jpg,NV
ISIC_0066097.jpg,NV
ISIC_0068228.jpg,NV
ISIC_0025476.jpg,NV
ISIC_0070554.jpg,NV
ISIC_0067314.jpg,NV
ISIC_0063484.jpg,NV
ISIC_0064217.jpg,NV
ISIC_0031448.jpg,NV
ISIC_0066724.jpg,NV
ISIC_0071481.jpg,NV
ISIC_0034153.jpg,NV
ISIC_0073169.jpg,NV
ISIC_0054342.jpg,NV
ISIC_0030924.jpg,NV
ISIC_0070169.jpg,NV
ISIC_0063745.jpg,NV
ISIC_0067445.jpg,NV
ISIC_0062748.jpg,NV
ISIC_0032832.jpg,NV
ISIC_0030427.jpg,NV
ISIC_0053749.jpg,NV
ISIC_0029514.jpg,NV
ISIC_0072102.jpg,NV
ISIC_0064347.jpg,NV
ISIC_0031743.jpg,NV
ISIC_0026088.jpg,NV
ISIC_0029073.jpg,NV
ISIC_0029136.jpg,NV
ISIC_0061582.jpg,NV
ISIC_0060593.jpg,NV
ISIC_0068445.jpg,NV
ISIC_0015237_downsampled.jpg,NV
ISIC_0010854.jpg,NV
ISIC_0031047.jpg,NV
ISIC_0027668.jpg,NV
ISIC_0030918.jpg,NV
ISIC_0070857.jpg,NV
ISIC_0025335.jpg,NV
ISIC_0062755.jpg,NV
ISIC_0032924.jpg,NV
ISIC_0026421.jpg,NV
ISIC_0026931.jpg,NV
ISIC_0014775_downsampled.jpg,NV
ISIC_0029002.jpg,NV
ISIC_0013136_downsampled.jpg,NV
ISIC_0025696.jpg,NV
ISIC_0024948.jpg,NV
ISIC_0069495.jpg,NV
ISIC_0058248.jpg,NV
ISIC_0027588.jpg,NV
ISIC_0058277.jpg,BKL
ISIC_0014823_downsampled.jpg,BKL
ISIC_0066450.jpg,BKL
ISIC_0068398.jpg,BKL
ISIC_0057368.jpg,BKL
ISIC_0026280.jpg,BKL
ISIC_0069307.jpg,BKL
ISIC_0063076.jpg,BKL
ISIC_0030876.jpg,BKL
ISIC_0014310_downsampled.jpg,BKL
ISIC_0069304.jpg,BKL
ISIC_0058974.jpg,BKL
ISIC_0031630.jpg,BKL
ISIC_0030458.jpg,BKL
ISIC_0064511.jpg,BKL
ISIC_0014311_downsampled.jpg,BKL
ISIC_0069487.jpg,BKL
ISIC_0024971.jpg,BKL
ISIC_0060464.jpg,BKL
ISIC_0026378.jpg,BKL
ISIC_0029810.jpg,BKL
ISIC_0031961.jpg,BKL
ISIC_0014264_downsampled.jpg,BKL
ISIC_0025076.jpg,BKL
ISIC_0062999.jpg,BKL
ISIC_0030806.jpg,BKL
ISIC_0073254.jpg,BKL
ISIC_0026644.jpg,BKL
ISIC_0063969.jpg,BKL
ISIC_0028710.jpg,BKL
ISIC_0014611_downsampled.jpg,BKL
ISIC_0057289.jpg,BKL
ISIC_0058219.jpg,BKL
ISIC_0028354.jpg,BKL
ISIC_0025583.jpg,BKL
ISIC_0025378.jpg,BKL
ISIC_0024770.jpg,BKL
ISIC_0068103.jpg,BKL
ISIC_0026335.jpg,BKL
ISIC_0029464.jpg,BKL
ISIC_0031601.jpg,BKL
ISIC_0058101.jpg,BKL
ISIC_0070980.jpg,BKL
ISIC_0065355.jpg,BKL
ISIC_0031556.jpg,BKL
ISIC_0012661_downsampled.jpg,BKL
ISIC_0014503_downsampled.jpg,BKL
ISIC_0025038.jpg,BKL
ISIC_0014572_downsampled.jpg,BKL
ISIC_0031558.jpg,BKL
ISIC_0071530.jpg,BKL
ISIC_0056882.jpg,BKL
ISIC_0013364_downsampled.jpg,BKL
ISIC_0073099.jpg,BKL
ISIC_0026530.jpg,BKL
ISIC_0013393_downsampled.jpg,BKL
ISIC_0066313.jpg,BKL
ISIC_0028233.jpg,BKL
ISIC_0067692.jpg,BKL
ISIC_0065321.jpg,BKL
ISIC_0030276.jpg,BKL
ISIC_0060384.jpg,BKL
ISIC_0057552.jpg,BKL
ISIC_0029270.jpg,BKL
ISIC_0058113.jpg,BKL
ISIC_0058317.jpg,BKL
ISIC_0029687.jpg,BKL
ISIC_0073205.jpg,BKL
ISIC_0028622.jpg,BKL
ISIC_0058195.jpg,BKL
ISIC_0061168.jpg,BKL
ISIC_0053484.jpg,BKL
ISIC_0056175.jpg,BKL
ISIC_0027513.jpg,BKL
ISIC_0031989.jpg,BKL
ISIC_0029878.jpg,BKL
ISIC_0026526.jpg,BKL
ISIC_0029301.jpg,BKL
ISIC_0013166_downsampled.jpg,BKL
ISIC_0070988.jpg,BKL
ISIC_0062717.jpg,BKL
ISIC_0024814.jpg,BKL
ISIC_0054419.jpg,BKL
ISIC_0063513.jpg,BKL
ISIC_0060493.jpg,BKL
ISIC_0067623.jpg,BKL
ISIC_0070995.jpg,BKL
ISIC_0031138.jpg,BKL
ISIC_0024705.jpg,BKL
ISIC_0012952_downsampled.jpg,BKL
ISIC_0057758.jpg,BKL
ISIC_0071930.jpg,BKL
ISIC_0068978.jpg,BKL
ISIC_0066618.jpg,BKL
ISIC_0027990.jpg,BKL
ISIC_0014554_downsampled.jpg,BKL
ISIC_0015153_downsampled.jpg,BKL
ISIC_0025642.jpg,BKL
ISIC_0025842.jpg,BKL
ISIC_0025526.jpg,BKL
ISIC_0054855.jpg,BKL
ISIC_0029518.jpg,BKL
ISIC_0056107.jpg,BKL
ISIC_0071041.jpg,BKL
ISIC_0027192.jpg,BKL
ISIC_0033465.jpg,BKL
ISIC_0056906.jpg,BKL
ISIC_0029068.jpg,BKL
ISIC_0014571_downsampled.jpg,BKL
ISIC_0026842.jpg,BKL
ISIC_0032719.jpg,BKL
ISIC_0024839.jpg,BKL
ISIC_0014589_downsampled.jpg,BKL
ISIC_0033592.jpg,BKL
ISIC_0030241.jpg,BKL
ISIC_0033646.jpg,BKL
ISIC_0027023.jpg,BKL
ISIC_0071445.jpg,BKL
ISIC_0061361.jpg,BKL
ISIC_0053930.jpg,BKL
ISIC_0071900.jpg,BKL
ISIC_0034201.jpg,BKL
ISIC_0071753.jpg,BKL
ISIC_0030394.jpg,BKL
ISIC_0027527.jpg,BKL
ISIC_0057640.jpg,BKL
ISIC_0065344.jpg,BKL
ISIC_0024409.jpg,BKL
ISIC_0014587_downsampled.jpg,BKL
ISIC_0031459.jpg,BKL
ISIC_0025066.jpg,BKL
ISIC_0054739.jpg,BKL
ISIC_0068922.jpg,BKL
ISIC_0072484.jpg,BKL
ISIC_0056711.jpg,BKL
ISIC_0027270.jpg,BKL
ISIC_0069552.jpg,BKL
ISIC_0014804_downsampled.jpg,BKL
ISIC_0031017.jpg,BKL
ISIC_0026351.jpg,BKL
ISIC_0026298.jpg,BKL
ISIC_0057222.jpg,BKL
ISIC_0024982.jpg,BKL
ISIC_0072898.jpg,BKL
ISIC_0030801.jpg,BKL
ISIC_0065657.jpg,BKL
ISIC_0012810_downsampled.jpg,BKL
ISIC_0012845_downsampled.jpg,BKL
ISIC_0053835.jpg,BKL
ISIC_0060523.jpg,BKL
ISIC_0055085.jpg,BKL
ISIC_0024446.jpg,BKL
ISIC_0061757.jpg,BKL
ISIC_0064025.jpg,BKL
ISIC_0069965.jpg,BKL
ISIC_0034011.jpg,BKL
ISIC_0028209.jpg,BKL
ISIC_0029029.jpg,BKL
ISIC_0032757.jpg,BKL
ISIC_0014074_downsampled.jpg,BKL
ISIC_0032498.jpg,BKL
ISIC_0029924.jpg,BKL
ISIC_0013421_downsampled.jpg,BKL
ISIC_0013268_downsampled.jpg,BKL
ISIC_0024877.jpg,BKL
ISIC_0060565.jpg,BKL
ISIC_0062110.jpg,BKL
ISIC_0072257.jpg,BKL
ISIC_0027801.jpg,BKL
ISIC_0026072.jpg,BKL
ISIC_0029308.jpg,BKL
ISIC_0031449.jpg,BKL
ISIC_0013146_downsampled.jpg,BKL
ISIC_0059841.jpg,BKL
ISIC_0056245.jpg,BKL
ISIC_0028750.jpg,BKL
ISIC_0069020.jpg,BKL
ISIC_0072910.jpg,BKL
ISIC_0015260_downsampled.jpg,BKL
ISIC_0014191_downsampled.jpg,BKL
ISIC_0034070.jpg,BKL
ISIC_0034024.jpg,BKL
ISIC_0029568.jpg,BKL
ISIC_0028124.jpg,BKL
ISIC_0071365.jpg,BKL
ISIC_0030231.jpg,BKL
ISIC_0033613.jpg,BKL
ISIC_0029580.jpg,BKL
ISIC_0065335.jpg,BKL
ISIC_0068422.jpg,BKL
ISIC_0070854.jpg,BKL
ISIC_0061063.jpg,BKL
ISIC_0013863_downsampled.jpg,BKL
ISIC_0071075.jpg,BKL
ISIC_0026159.jpg,BKL
ISIC_0029302.jpg,BKL
ISIC_0059564.jpg,BKL
ISIC_0071344.jpg,BKL
ISIC_0065951.jpg,BKL
ISIC_0059935.jpg,BKL
ISIC_0031620.jpg,BKL
ISIC_0058873.jpg,BKL
ISIC_0032883.jpg,BKL
ISIC_0066828.jpg,BKL
ISIC_0028977.jpg,BKL
ISIC_0056976.jpg,BKL
ISIC_0014410_downsampled.jpg,BKL
ISIC_0063371.jpg,BKL
ISIC_0026637.jpg,BKL
ISIC_0013635_downsampled.jpg,BKL
ISIC_0032168.jpg,BKL
ISIC_0028992.jpg,BKL
ISIC_0014570_downsampled.jpg,BKL
ISIC_0033199.jpg,BKL
ISIC_0026139.jpg,BKL
ISIC_0033716.jpg,BKL
ISIC_0059970.jpg,BKL
ISIC_0014793_downsampled.jpg,BKL
ISIC_0061980.jpg,BKL
ISIC_0025519.jpg,BKL
ISIC_0027295.jpg,BKL
ISIC_0032508.jpg,BKL
ISIC_0067035.jpg,BKL
ISIC_0014646_downsampled.jpg,BKL
ISIC_0026803.jpg,BKL
ISIC_0069085.jpg,BKL
ISIC_0059110.jpg,BKL
ISIC_0061725.jpg,BKL
ISIC_0014272_downsampled.jpg,BKL
ISIC_0062124.jpg,BKL
ISIC_0028052.jpg,BKL
ISIC_0058044.jpg,BKL
ISIC_0066455.jpg,BKL
ISIC_0066389.jpg,BKL
ISIC_0024850.jpg,BKL
ISIC_0030835.jpg,BKL
ISIC_0034103.jpg,BKL
ISIC_0027754.jpg,BKL
ISIC_0056888.jpg,BKL
ISIC_0015233_downsampled.jpg,BKL
ISIC_0061785.jpg,BKL
ISIC_0026947.jpg,BKL
ISIC_0028264.jpg,BKL
ISIC_0015062_downsampled.jpg,BKL
ISIC_0055292.jpg,BKL
ISIC_0033438.jpg,BKL
ISIC_0031253.jpg,BKL
ISIC_0030095.jpg,BKL
ISIC_0033583.jpg,BKL
ISIC_0067096.jpg,BKL
ISIC_0062374.jpg,BKL
ISIC_0072040.jpg,BKL
ISIC_0013864_downsampled.jpg,BKL
ISIC_0025326.jpg,BKL
ISIC_0063807.jpg,BKL
ISIC_0033709.jpg,BKL
ISIC_0027509.jpg,BKL
ISIC_0031352.jpg,BKL
ISIC_0028846.jpg,BKL
ISIC_0027202.jpg,BKL
ISIC_0066474.jpg,BKL
ISIC_0028707.jpg,BKL
ISIC_0054804.jpg,BKL
ISIC_0056636.jpg,BKL
ISIC_0026311.jpg,BKL
ISIC_0027533.jpg,BKL
ISIC_0033899.jpg,BKL
ISIC_0070512.jpg,BKL
ISIC_0055100.jpg,BKL
ISIC_0066126.jpg,BKL
ISIC_0029841.jpg,BKL
ISIC_0063740.jpg,BKL
ISIC_0057085.jpg,BKL
ISIC_0031872.jpg,BKL
ISIC_0069876.jpg,BKL
ISIC_0028388.jpg,BKL
ISIC_0026871.jpg,BKL
ISIC_0025939.jpg,BKL
ISIC_0025656.jpg,BKL
ISIC_0027831.jpg,BKL
ISIC_0033212.jpg,BKL
ISIC_0058507.jpg,BKL
ISIC_0012998.jpg,BKL
ISIC_0062574.jpg,BKL
ISIC_0013958_downsampled.jpg,BKL
ISIC_0072726.jpg,BKL
ISIC_0060735.jpg,BKL
ISIC_0066007.jpg,BKL
ISIC_0024435.jpg,BKL
ISIC_0063460.jpg,BKL
ISIC_0032983.jpg,BKL
ISIC_0025157.jpg,BKL
ISIC_0062247.jpg,BKL
ISIC_0031277.jpg,BKL
ISIC_0013680_downsampled.jpg,BKL
ISIC_0014588_downsampled.jpg,BKL
ISIC_0027735.jpg,BKL
ISIC_0024420.jpg,BKL
ISIC_0057346.jpg,BKL
ISIC_0028555.jpg,BKL
ISIC_0065389.jpg,BKL
ISIC_0031159.jpg,BKL
ISIC_0071833.jpg,BKL
ISIC_0026895.jpg,BKL
ISIC_0029505.jpg,BKL
ISIC_0033606.jpg,BKL
ISIC_0033280.jpg,BKL
ISIC_0072184.jpg,BKL
ISIC_0027967.jpg,BKL
ISIC_0057958.jpg,BKL
ISIC_0031591.jpg,BKL
ISIC_0027811.jpg,BKL
ISIC_0024338.jpg,BKL
ISIC_0054257.jpg,BKL
ISIC_0031428.jpg,BKL
ISIC_0062964.jpg,BKL
ISIC_0031329.jpg,BKL
ISIC_0063646.jpg,BKL
ISIC_0031577.jpg,BKL
ISIC_0029849.jpg,BKL
ISIC_0024890.jpg,BKL
ISIC_0062146.jpg,BKL
ISIC_0033379.jpg,BKL
ISIC_0070127.jpg,BKL
ISIC_0026590.jpg,BKL
ISIC_0024915.jpg,BKL
ISIC_0032113.jpg,BKL
ISIC_0072342.jpg,BCC
ISIC_0066310.jpg,BCC
ISIC_0060825.jpg,BCC
ISIC_0058860.jpg,BCC
ISIC_0071398.jpg,BCC
ISIC_0072994.jpg,BCC
ISIC_0071549.jpg,BCC
ISIC_0061020.jpg,BCC
ISIC_0063205.jpg,BCC
ISIC_0065929.jpg,BCC
ISIC_0032652.jpg,BCC
ISIC_0069813.jpg,BCC
ISIC_0058842.jpg,BCC
ISIC_0065856.jpg,BCC
ISIC_0068169.jpg,BCC
ISIC_0066071.jpg,BCC
ISIC_0060109.jpg,BCC
ISIC_0024787.jpg,BCC
ISIC_0066894.jpg,BCC
ISIC_0071676.jpg,BCC
ISIC_0060314.jpg,BCC
ISIC_0069235.jpg,BCC
ISIC_0059081.jpg,BCC
ISIC_0072134.jpg,BCC
ISIC_0056550.jpg,BCC
ISIC_0059307.jpg,BCC
ISIC_0031236.jpg,BCC
ISIC_0072112.jpg,BCC
ISIC_0062752.jpg,BCC
ISIC_0033054.jpg,BCC
ISIC_0053558.jpg,BCC
ISIC_0055836.jpg,BCC
ISIC_0054649.jpg,BCC
ISIC_0055963.jpg,BCC
ISIC_0055509.jpg,BCC
ISIC_0064300.jpg,BCC
ISIC_0072583.jpg,BCC
ISIC_0055349.jpg,BCC
ISIC_0070096.jpg,BCC
ISIC_0057757.jpg,BCC
ISIC_0055629.jpg,BCC
ISIC_0062791.jpg,BCC
ISIC_0072474.jpg,BCC
ISIC_0070744.jpg,BCC
ISIC_0069975.jpg,BCC
ISIC_0065703.jpg,BCC
ISIC_0064578.jpg,BCC
ISIC_0059012.jpg,BCC
ISIC_0053813.jpg,BCC
ISIC_0053559.jpg,BCC
ISIC_0069144.jpg,BCC
ISIC_0057288.jpg,BCC
ISIC_0059999.jpg,BCC
ISIC_0055554.jpg,BCC
ISIC_0063274.jpg,BCC
ISIC_0054487.jpg,BCC
ISIC_0069476.jpg,BCC
ISIC_0058005.jpg,BCC
ISIC_0059570.jpg,BCC
ISIC_0057418.jpg,BCC
ISIC_0065077.jpg,BCC
ISIC_0058025.jpg,BCC
ISIC_0053714.jpg,BCC
ISIC_0066697.jpg,BCC
ISIC_0055330.jpg,BCC
ISIC_0065607.jpg,BCC
ISIC_0057500.jpg,BCC
ISIC_0055539.jpg,BCC
ISIC_0066248.jpg,BCC
ISIC_0070011.jpg,BCC
ISIC_0063298.jpg,BCC
ISIC_0058744.jpg,BCC
ISIC_0032302.jpg,BCC
ISIC_0055108.jpg,BCC
ISIC_0063290.jpg,BCC
ISIC_0063794.jpg,BCC
ISIC_0058084.jpg,BCC
ISIC_0060983.jpg,BCC
ISIC_0056100.jpg,BCC
ISIC_0070665.jpg,BCC
ISIC_0065666.jpg,BCC
ISIC_0067032.jpg,BCC
ISIC_0054575.jpg,BCC
ISIC_0071170.jpg,BCC
ISIC_0073137.jpg,BCC
ISIC_0070663.jpg,BCC
ISIC_0067784.jpg,BCC
ISIC_0053648.jpg,BCC
ISIC_0071266.jpg,BCC
ISIC_0058699.jpg,BCC
ISIC_0070714.jpg,BCC
ISIC_0072620.jpg,BCC
ISIC_0060370.jpg,BCC
ISIC_0065548.jpg,BCC
ISIC_0054339.jpg,BCC
ISIC_0056255.jpg,BCC
ISIC_0069038.jpg,BCC
ISIC_0071255.jpg,BCC
ISIC_0057029.jpg,BCC
ISIC_0053735.jpg,BCC
ISIC_0068489.jpg,BCC
ISIC_0063530.jpg,BCC
ISIC_0060073.jpg,BCC
ISIC_0067249.jpg,BCC
ISIC_0066751.jpg,BCC
ISIC_0066485.jpg,BCC
ISIC_0067380.jpg,BCC
ISIC_0055706.jpg,BCC
ISIC_0064631.jpg,BCC
ISIC_0069465.jpg,BCC
ISIC_0069000.jpg,BCC
ISIC_0026656.jpg,BCC
ISIC_0063806.jpg,BCC
ISIC_0058463.jpg,BCC
ISIC_0064269.jpg,BCC
ISIC_0059644.jpg,BCC
ISIC_0060338.jpg,BCC
ISIC_0067221.jpg,BCC
ISIC_0060193.jpg,BCC
ISIC_0066271.jpg,BCC
ISIC_0059199.jpg,BCC
ISIC_0061175.jpg,BCC
ISIC_0072465.jpg,BCC
ISIC_0060780.jpg,BCC
ISIC_0058833.jpg,BCC
ISIC_0064788.jpg,BCC
ISIC_0056206.jpg,BCC
ISIC_0062480.jpg,BCC
ISIC_0030145.jpg,BCC
ISIC_0059656.jpg,BCC
ISIC_0069109.jpg,BCC
ISIC_0066592.jpg,BCC
ISIC_0067057.jpg,BCC
ISIC_0069423.jpg,BCC
ISIC_0053733.jpg,BCC
ISIC_0068451.jpg,BCC
ISIC_0058392.jpg,BCC
ISIC_0072993.jpg,BCC
ISIC_0064975.jpg,BCC
ISIC_0062218.jpg,BCC
ISIC_0066736.jpg,BCC
ISIC_0069180.jpg,BCC
ISIC_0071163.jpg,BCC
ISIC_0069812.jpg,BCC
ISIC_0055529.jpg,BCC
ISIC_0062868.jpg,BCC
ISIC_0066164.jpg,BCC
ISIC_0066115.jpg,BCC
ISIC_0063936.jpg,BCC
ISIC_0070652.jpg,BCC
ISIC_0060476.jpg,BCC
ISIC_0065207.jpg,BCC
ISIC_0060086.jpg,BCC
ISIC_0032808.jpg,BCC
ISIC_0066654.jpg,BCC
ISIC_0056097.jpg,BCC
ISIC_0056293.jpg,BCC
ISIC_0064898.jpg,BCC
ISIC_0053876.jpg,BCC
ISIC_0056941.jpg,BCC
ISIC_0072852.jpg,BCC
ISIC_0069407.jpg,BCC
ISIC_0058987.jpg,BCC
ISIC_0067646.jpg,BCC
ISIC_0026988.jpg,BCC
ISIC_0024431.jpg,BCC
ISIC_0072871.jpg,BCC
ISIC_0054782.jpg,BCC
ISIC_0072450.jpg,BCC
ISIC_0066890.jpg,BCC
ISIC_0056810.jpg,BCC
ISIC_0071603.jpg,BCC
ISIC_0058774.jpg,BCC
ISIC_0070656.jpg,BCC
ISIC_0061348.jpg,BCC
ISIC_0055368.jpg,BCC
ISIC_0057292.jpg,BCC
ISIC_0064156.jpg,BCC
ISIC_0055325.jpg,BCC
ISIC_0058286.jpg,BCC
ISIC_0066044.jpg,BCC
ISIC_0055673.jpg,BCC
ISIC_0059688.jpg,BCC
ISIC_0056372.jpg,BCC
ISIC_0060133.jpg,BCC
ISIC_0029352.jpg,BCC
ISIC_0071979.jpg,BCC
ISIC_0069843.jpg,BCC
ISIC_0031824.jpg,BCC
ISIC_0070406.jpg,BCC
ISIC_0027851.jpg,BCC
ISIC_0054722.jpg,BCC
ISIC_0067256.jpg,BCC
ISIC_0070190.jpg,BCC
ISIC_0032959.jpg,BCC
ISIC_0057755.jpg,BCC
ISIC_0054567.jpg,BCC
ISIC_0064237.jpg,BCC
ISIC_0061207.jpg,BCC
ISIC_0065879.jpg,BCC
ISIC_0066774.jpg,BCC
ISIC_0072365.jpg,BCC
ISIC_0031697.jpg,BCC
ISIC_0065401.jpg,BCC
ISIC_0026282.jpg,BCC
ISIC_0065489.jpg,BCC
ISIC_0066318.jpg,BCC
ISIC_0061889.jpg,BCC
ISIC_0061254.jpg,BCC
ISIC_0064754.jpg,BCC
ISIC_0064939.jpg,BCC
ISIC_0065308.jpg,BCC
ISIC_0058978.jpg,BCC
ISIC_0068585.jpg,BCC
ISIC_0059124.jpg,BCC
ISIC_0071513.jpg,BCC
ISIC_0061862.jpg,BCC
ISIC_0056607.jpg,BCC
ISIC_0059689.jpg,BCC
ISIC_0068177.jpg,BCC
ISIC_0069582.jpg,BCC
ISIC_0070684.jpg,BCC
ISIC_0064055.jpg,BCC
ISIC_0056014.jpg,BCC
ISIC_0070943.jpg,BCC
ISIC_0069537.jpg,BCC
ISIC_0056498.jpg,BCC
ISIC_0059275.jpg,BCC
ISIC_0053858.jpg,BCC
ISIC_0063090.jpg,BCC
ISIC_0069792.jpg,BCC
ISIC_0068815.jpg,BCC
ISIC_0071461.jpg,BCC
ISIC_0053474.jpg,BCC
ISIC_0065585.jpg,BCC
ISIC_0060162.jpg,BCC
ISIC_0058474.jpg,BCC
ISIC_0071665.jpg,BCC
ISIC_0069557.jpg,BCC
ISIC_0059210.jpg,BCC
ISIC_0067954.jpg,BCC
ISIC_0061143.jpg,BCC
ISIC_0065140.jpg,BCC
ISIC_0053550.jpg,BCC
ISIC_0054975.jpg,BCC
ISIC_0060112.jpg,BCC
ISIC_0028688.jpg,BCC
ISIC_0072140.jpg,BCC
ISIC_0066623.jpg,BCC
ISIC_0062332.jpg,BCC
ISIC_0067668.jpg,BCC
ISIC_0057195.jpg,BCC
ISIC_0056083.jpg,BCC
ISIC_0054402.jpg,BCC
ISIC_0064556.jpg,BCC
ISIC_0068632.jpg,BCC
ISIC_0057732.jpg,BCC
ISIC_0059977.jpg,BCC
ISIC_0065384.jpg,BCC
ISIC_0060168.jpg,BCC
ISIC_0065050.jpg,BCC
ISIC_0064018.jpg,BCC
ISIC_0065570.jpg,BCC
ISIC_0064496.jpg,BCC
ISIC_0025940.jpg,BCC
ISIC_0060119.jpg,BCC
ISIC_0033218.jpg,BCC
ISIC_0072276.jpg,BCC
ISIC_0069301.jpg,BCC
ISIC_0058845.jpg,BCC
ISIC_0062875.jpg,BCC
ISIC_0072386.jpg,BCC
ISIC_0070873.jpg,BCC
ISIC_0063710.jpg,BCC
ISIC_0056737.jpg,BCC
ISIC_0064824.jpg,BCC
ISIC_0060818.jpg,BCC
ISIC_0071715.jpg,BCC
ISIC_0055663.jpg,BCC
ISIC_0071483.jpg,BCC
ISIC_0056477.jpg,BCC
ISIC_0055718.jpg,BCC
ISIC_0067080.jpg,BCC
ISIC_0067714.jpg,BCC
ISIC_0070034.jpg,BCC
ISIC_0059882.jpg,BCC
ISIC_0067815.jpg,BCC
ISIC_0058142.jpg,BCC
ISIC_0070033.jpg,BCC
ISIC_0057404.jpg,BCC
ISIC_0067552.jpg,BCC
ISIC_0056835.jpg,BCC
ISIC_0060529.jpg,BCC
ISIC_0061436.jpg,BCC
ISIC_0054240.jpg,BCC
ISIC_0061282.jpg,BCC
ISIC_0070367.jpg,BCC
ISIC_0029564.jpg,BCC
ISIC_0055875.jpg,BCC
ISIC_0065602.jpg,BCC
ISIC_0053472.jpg,BCC
ISIC_0059426.jpg,BCC
ISIC_0072638.jpg,BCC
ISIC_0069737.jpg,BCC
ISIC_0064649.jpg,BCC
ISIC_0066782.jpg,BCC
ISIC_0067346.jpg,BCC
ISIC_0067706.jpg,BCC
ISIC_0066010.jpg,BCC
ISIC_0053957.jpg,BCC
ISIC_0058552.jpg,BCC
ISIC_0033551.jpg,BCC
ISIC_0034299.jpg,BCC
ISIC_0071294.jpg,BCC
ISIC_0054370.jpg,BCC
ISIC_0056929.jpg,BCC
ISIC_0072431.jpg,BCC
ISIC_0067454.jpg,BCC
ISIC_0053924.jpg,BCC
ISIC_0063999.jpg,BCC
ISIC_0057882.jpg,BCC
ISIC_0058223.jpg,BCC
ISIC_0054688.jpg,BCC
ISIC_0053599.jpg,BCC
ISIC_0069724.jpg,BCC
ISIC_0072789.jpg,BCC
ISIC_0069255.jpg,BCC
ISIC_0064626.jpg,BCC
ISIC_0064183.jpg,BCC
ISIC_0070568.jpg,BCC
ISIC_0064661.jpg,BCC
ISIC_0064744.jpg,BCC
ISIC_0054413.jpg,BCC
ISIC_0059877.jpg,BCC
ISIC_0072709.jpg,BCC
ISIC_0061867.jpg,BCC
ISIC_0072673.jpg,BCC
ISIC_0072084.jpg,BCC
ISIC_0058128.jpg,BCC
ISIC_0054316.jpg,BCC
ISIC_0071607.jpg,BCC
ISIC_0061324.jpg,BCC
ISIC_0033571.jpg,BCC
ISIC_0062129.jpg,BCC
ISIC_0064021.jpg,BCC
ISIC_0058067.jpg,BCC
ISIC_0055765.jpg,BCC
ISIC_0072666.jpg,BCC
ISIC_0061484.jpg,BCC
ISIC_0065298.jpg,BCC
ISIC_0060576.jpg,BCC
ISIC_0054467.jpg,BCC
ISIC_0056775.jpg,BCC
ISIC_0062015.jpg,BCC
ISIC_0072520.jpg,BCC
ISIC_0062287.jpg,BCC
ISIC_0055916.jpg,BCC
ISIC_0065178.jpg,BCC
ISIC_0060320.jpg,BCC
ISIC_0058335.jpg,BCC
ISIC_0033666.jpg,BCC
ISIC_0055266.jpg,BCC
ISIC_0056950.jpg,BCC
ISIC_0059729.jpg,BCC
ISIC_0064605.jpg,BCC
ISIC_0054140.jpg,BCC
ISIC_0064642.jpg,BCC
ISIC_0058878.jpg,BCC
ISIC_0060514.jpg,BCC
ISIC_0058709.jpg,BCC
ISIC_0061344.jpg,BCC
